-- MySQL dump 10.13  Distrib 8.0.28, for Win64 (x86_64)
--
-- Host: localhost    Database: faraway
-- ------------------------------------------------------
-- Server version	8.0.28

/*!40101 SET @OLD_CHARACTER_SET_CLIENT=@@CHARACTER_SET_CLIENT */;
/*!40101 SET @OLD_CHARACTER_SET_RESULTS=@@CHARACTER_SET_RESULTS */;
/*!40101 SET @OLD_COLLATION_CONNECTION=@@COLLATION_CONNECTION */;
/*!50503 SET NAMES utf8 */;
/*!40103 SET @OLD_TIME_ZONE=@@TIME_ZONE */;
/*!40103 SET TIME_ZONE='+00:00' */;
/*!40014 SET @OLD_UNIQUE_CHECKS=@@UNIQUE_CHECKS, UNIQUE_CHECKS=0 */;
/*!40014 SET @OLD_FOREIGN_KEY_CHECKS=@@FOREIGN_KEY_CHECKS, FOREIGN_KEY_CHECKS=0 */;
/*!40101 SET @OLD_SQL_MODE=@@SQL_MODE, SQL_MODE='NO_AUTO_VALUE_ON_ZERO' */;
/*!40111 SET @OLD_SQL_NOTES=@@SQL_NOTES, SQL_NOTES=0 */;

--
-- Dumping data for table `member`
--

LOCK TABLES `member` WRITE;
/*!40000 ALTER TABLE `member` DISABLE KEYS */;
INSERT INTO `member` VALUES (1,'2023-05-25 16:21:21.315000','2023-05-25 16:21:35.239000','서울 송파구 토성로 38-6 (풍납동, 한강극동아파트)','한강극동 아파트 105동 302호','05536','970804',0,'admin@gmail.com','admin01','c76632c23e2f8d12b481ee158e7928e0af9316a649a2a413c2f47c6bbd3f5b576bb05e448a37e71363826d74dc5e07493f715444afa03758f3260da74dd051bf',0,'영환','최','BASIC','sFTKY3OwbHz7hpthJvylkg==',NULL),(2,'2023-05-25 16:22:06.256000','2023-05-25 16:23:01.571000','광주 광산구 사암로 501 (장덕동)','302호','62231','970804',0,'longbright0804@gmail.com','chldudghks97','78662020a002a99ddfd54d70a235de6a13003ca27884fb6fbf9b5407362fafc169c5f855577b1c9819b9e8341cd9559b3dad3310713bbaf1dda0648a7a8bad19',0,'영환','최','BASIC','hrdA0howC1zWI1XHhaithA==','eyJ0eXAiOiJKV1QiLCJhbGciOiJIUzI1NiJ9.eyJzdWIiOiJyZWZyZXNoLXRva2VuIiwiaWF0IjoxNjg1MDMxNzgxLCJleHAiOjE2ODYyNDEzODEsIm1lbWJlcklkIjoyfQ.EnQIjM9PF58yGdyxQUYs0taoq6Zy7_2PUR0mXklocjA');
/*!40000 ALTER TABLE `member` ENABLE KEYS */;
UNLOCK TABLES;

--
-- Dumping data for table `plan`
--

LOCK TABLES `plan` WRITE;
/*!40000 ALTER TABLE `plan` DISABLE KEYS */;
INSERT INTO `plan` VALUES (1,'2023-05-25 16:24:14.449000','2023-05-25 16:24:14.449000','송파구에 있는 토성들도 보고, 올림픽 공원도 가보고, 마무리로 롯데월드까지 가는 경로입니다!\n날도 좋으니 풍납토성, 올림픽공원, 몽촌토성으로 이어지는 긴 산책코스 즐긴다음\n롯데월드 자이로드롭 타고 송파구 야경 보는 것도 되게 괜찮아요\n롯데월드 갔다가 마무리로 송리단길에서 맥주 한잔 하면 피로 싹 가십니다\n여행 경로라기엔 다소 짧은 감이 있는데, 이렇게만 다녀오셔도 하루 뚝딱이에요.',400,'송파구 하루치 여행경로','126520,126532,127525,126498',2),(2,'2023-05-25 16:24:37.817000','2023-05-25 16:24:37.817000','강남 나들이',223,'강남 나들이','125452',2),(3,'2023-05-25 16:24:52.883000','2023-05-25 16:24:52.883000','인천 맛집탐방~',298,'인천 맛집탐방~','125468',2),(4,'2023-05-25 16:25:14.397000','2023-05-25 16:25:14.397000','금강산 여행코스 공유해요~',221,'금강산 여행코스 공유해요~','126028',2),(5,'2023-05-25 16:26:28.832000','2023-05-25 16:26:28.832000','가평 MT 다녀왔어요',213,'가평 MT 다녀왔어요','125409',2),(6,'2023-05-25 16:27:01.226000','2023-05-25 16:27:01.226000','제가 다녀온 광주 여행 경로 모음',103,'제가 다녀온 광주 여행 경로 모음','126324',2),(7,'2023-05-25 16:27:27.543000','2023-05-25 16:27:27.543000','대관령 갔다가 강릉 나들이',173,'대관령 갔다가 강릉 나들이','125417',2),(8,'2023-05-25 16:28:28.063000','2023-05-25 16:28:28.063000','제주 한라산 여행경로!',260,'제주 한라산 여행경로!','125445',2),(9,'2023-05-25 16:28:51.748000','2023-05-25 16:28:51.748000','한라산 안가는 제주 맛집 투어',181,'제주 맛집 투어','125445',2),(10,'2023-05-25 16:29:17.926000','2023-05-25 16:29:17.926000','전라남도 3박 4일 돌고 왔습니다',124,'전라남도 3박 4일 돌고 왔습니다','125442',2),(11,'2023-05-25 16:29:49.488000','2023-05-25 16:29:49.488000','경기 남양주 맛집 투어',79,'경기 남양주 맛집 투어','125459',2),(12,'2023-05-25 16:30:16.615000','2023-05-25 16:30:16.615000','대구 휴양림 코스에요~',22,'대구 휴양림 코스에요~','125406',2),(13,'2023-05-25 16:30:30.425000','2023-05-25 16:30:30.425000','충북으로 힐링 다녀왔습니다',172,'충북으로 힐링 다녀왔습니다','125423',2),(14,'2023-05-25 16:30:49.935000','2023-05-25 16:30:49.935000','관악산 갔다가 관악구 맛집투어',196,'관악산 갔다가 관악구 맛집투어','126480',2),(15,'2023-05-25 16:31:09.358000','2023-05-25 16:31:09.358000','속초 자연경관 나들이',165,'속초 자연경관 나들이','125671',2),(16,'2023-05-25 16:31:38.600000','2023-05-25 16:31:38.600000','수학여행 다시 다녀오기',238,'경주 수학여행 다시 다녀오기!','125405',2),(17,'2023-05-25 16:32:03.998000','2023-05-25 16:32:03.998000','송파구 식신로드 찍고왔어요',96,'송파구 식신로드 찍고왔어요','126489',2),(18,'2023-05-25 16:32:50.080000','2023-05-25 16:32:50.080000','강원도는 강릉이지! 강릉투어',65,'강원도는 강릉이지! 강릉투어','125588',2),(19,'2023-05-25 16:33:22.059000','2023-05-25 16:33:22.059000','내가 못가서 그렇지',37,'광주도 여행 다닐 곳 많아요','126329',2),(20,'2023-05-25 16:33:59.941000','2023-05-25 16:33:59.941000','한국인의 밥상 촬영지 다녀왔어요',291,'한국인의 밥상 촬영지 다녀왔어요','133222',2);
/*!40000 ALTER TABLE `plan` ENABLE KEYS */;
UNLOCK TABLES;

--
-- Table structure for table `plan_like`
--

DROP TABLE IF EXISTS `plan_like`;
/*!40101 SET @saved_cs_client     = @@character_set_client */;
/*!50503 SET character_set_client = utf8mb4 */;
CREATE TABLE `plan_like` (
  `plan_like_id` bigint NOT NULL AUTO_INCREMENT,
  `created_date` datetime(6) DEFAULT NULL,
  `modified_date` datetime(6) DEFAULT NULL,
  `member_id` bigint DEFAULT NULL,
  `plan_id` bigint DEFAULT NULL,
  PRIMARY KEY (`plan_like_id`),
  KEY `FKg1a1yi6o1lovraclldh3f6woj` (`member_id`),
  KEY `FKjmg7kb2pni0ihcdohn0p03clj` (`plan_id`),
  CONSTRAINT `FKg1a1yi6o1lovraclldh3f6woj` FOREIGN KEY (`member_id`) REFERENCES `member` (`member_id`),
  CONSTRAINT `FKjmg7kb2pni0ihcdohn0p03clj` FOREIGN KEY (`plan_id`) REFERENCES `plan` (`plan_id`)
) ENGINE=InnoDB AUTO_INCREMENT=506 DEFAULT CHARSET=utf8mb4 COLLATE=utf8mb4_0900_ai_ci;
/*!40101 SET character_set_client = @saved_cs_client */;

--
-- Dumping data for table `plan_like`
--

LOCK TABLES `plan_like` WRITE;
/*!40000 ALTER TABLE `plan_like` DISABLE KEYS */;
INSERT INTO `plan_like` VALUES (1,'2023-05-26 01:36:39.000000','2023-05-26 01:36:39.000000',1,1),(2,'2023-05-26 01:36:40.000000','2023-05-26 01:36:40.000000',1,1),(3,'2023-05-26 01:36:40.000000','2023-05-26 01:36:40.000000',1,1),(4,'2023-05-26 01:36:40.000000','2023-05-26 01:36:40.000000',1,1),(5,'2023-05-26 01:36:40.000000','2023-05-26 01:36:40.000000',1,1),(6,'2023-05-26 01:36:40.000000','2023-05-26 01:36:40.000000',1,1),(7,'2023-05-26 01:36:40.000000','2023-05-26 01:36:40.000000',1,1),(8,'2023-05-26 01:36:41.000000','2023-05-26 01:36:41.000000',1,1),(9,'2023-05-26 01:36:41.000000','2023-05-26 01:36:41.000000',1,1),(10,'2023-05-26 01:36:41.000000','2023-05-26 01:36:41.000000',1,1),(11,'2023-05-26 01:36:41.000000','2023-05-26 01:36:41.000000',1,1),(12,'2023-05-26 01:36:42.000000','2023-05-26 01:36:42.000000',1,1),(13,'2023-05-26 01:36:42.000000','2023-05-26 01:36:42.000000',1,1),(14,'2023-05-26 01:36:39.000000','2023-05-26 01:36:39.000000',1,1),(15,'2023-05-26 01:36:40.000000','2023-05-26 01:36:40.000000',1,1),(16,'2023-05-26 01:36:40.000000','2023-05-26 01:36:40.000000',1,1),(17,'2023-05-26 01:36:40.000000','2023-05-26 01:36:40.000000',1,1),(18,'2023-05-26 01:36:40.000000','2023-05-26 01:36:40.000000',1,1),(19,'2023-05-26 01:36:40.000000','2023-05-26 01:36:40.000000',1,1),(20,'2023-05-26 01:36:40.000000','2023-05-26 01:36:40.000000',1,1),(21,'2023-05-26 01:36:41.000000','2023-05-26 01:36:41.000000',1,1),(22,'2023-05-26 01:36:41.000000','2023-05-26 01:36:41.000000',1,1),(23,'2023-05-26 01:36:41.000000','2023-05-26 01:36:41.000000',1,1),(24,'2023-05-26 01:36:41.000000','2023-05-26 01:36:41.000000',1,1),(25,'2023-05-26 01:36:42.000000','2023-05-26 01:36:42.000000',1,1),(26,'2023-05-26 01:36:42.000000','2023-05-26 01:36:42.000000',1,1),(29,'2023-05-26 01:36:39.000000','2023-05-26 01:36:39.000000',1,1),(30,'2023-05-26 01:36:40.000000','2023-05-26 01:36:40.000000',1,1),(31,'2023-05-26 01:36:40.000000','2023-05-26 01:36:40.000000',1,1),(32,'2023-05-26 01:36:40.000000','2023-05-26 01:36:40.000000',1,1),(33,'2023-05-26 01:36:40.000000','2023-05-26 01:36:40.000000',1,1),(34,'2023-05-26 01:36:40.000000','2023-05-26 01:36:40.000000',1,1),(35,'2023-05-26 01:36:40.000000','2023-05-26 01:36:40.000000',1,1),(36,'2023-05-26 01:36:41.000000','2023-05-26 01:36:41.000000',1,1),(37,'2023-05-26 01:36:41.000000','2023-05-26 01:36:41.000000',1,1),(38,'2023-05-26 01:36:41.000000','2023-05-26 01:36:41.000000',1,1),(39,'2023-05-26 01:36:41.000000','2023-05-26 01:36:41.000000',1,1),(40,'2023-05-26 01:36:42.000000','2023-05-26 01:36:42.000000',1,1),(41,'2023-05-26 01:36:42.000000','2023-05-26 01:36:42.000000',1,1),(42,'2023-05-26 01:36:39.000000','2023-05-26 01:36:39.000000',1,1),(43,'2023-05-26 01:36:40.000000','2023-05-26 01:36:40.000000',1,1),(44,'2023-05-26 01:36:40.000000','2023-05-26 01:36:40.000000',1,1),(45,'2023-05-26 01:36:40.000000','2023-05-26 01:36:40.000000',1,1),(46,'2023-05-26 01:36:40.000000','2023-05-26 01:36:40.000000',1,1),(47,'2023-05-26 01:36:40.000000','2023-05-26 01:36:40.000000',1,1),(48,'2023-05-26 01:36:40.000000','2023-05-26 01:36:40.000000',1,1),(49,'2023-05-26 01:36:41.000000','2023-05-26 01:36:41.000000',1,1),(50,'2023-05-26 01:36:41.000000','2023-05-26 01:36:41.000000',1,1),(51,'2023-05-26 01:36:41.000000','2023-05-26 01:36:41.000000',1,1),(52,'2023-05-26 01:36:41.000000','2023-05-26 01:36:41.000000',1,1),(53,'2023-05-26 01:36:42.000000','2023-05-26 01:36:42.000000',1,1),(54,'2023-05-26 01:36:42.000000','2023-05-26 01:36:42.000000',1,1),(60,'2023-05-26 01:36:39.000000','2023-05-26 01:36:39.000000',1,1),(61,'2023-05-26 01:36:40.000000','2023-05-26 01:36:40.000000',1,1),(62,'2023-05-26 01:36:40.000000','2023-05-26 01:36:40.000000',1,1),(63,'2023-05-26 01:36:40.000000','2023-05-26 01:36:40.000000',1,1),(64,'2023-05-26 01:36:40.000000','2023-05-26 01:36:40.000000',1,1),(65,'2023-05-26 01:36:40.000000','2023-05-26 01:36:40.000000',1,1),(66,'2023-05-26 01:36:40.000000','2023-05-26 01:36:40.000000',1,1),(67,'2023-05-26 01:36:41.000000','2023-05-26 01:36:41.000000',1,1),(68,'2023-05-26 01:36:41.000000','2023-05-26 01:36:41.000000',1,1),(69,'2023-05-26 01:36:41.000000','2023-05-26 01:36:41.000000',1,1),(70,'2023-05-26 01:36:41.000000','2023-05-26 01:36:41.000000',1,1),(71,'2023-05-26 01:36:42.000000','2023-05-26 01:36:42.000000',1,1),(72,'2023-05-26 01:36:42.000000','2023-05-26 01:36:42.000000',1,1),(73,'2023-05-26 01:36:39.000000','2023-05-26 01:36:39.000000',1,1),(74,'2023-05-26 01:36:40.000000','2023-05-26 01:36:40.000000',1,1),(75,'2023-05-26 01:36:40.000000','2023-05-26 01:36:40.000000',1,1),(76,'2023-05-26 01:36:40.000000','2023-05-26 01:36:40.000000',1,1),(77,'2023-05-26 01:36:40.000000','2023-05-26 01:36:40.000000',1,1),(78,'2023-05-26 01:36:40.000000','2023-05-26 01:36:40.000000',1,1),(79,'2023-05-26 01:36:40.000000','2023-05-26 01:36:40.000000',1,1),(80,'2023-05-26 01:36:41.000000','2023-05-26 01:36:41.000000',1,1),(81,'2023-05-26 01:36:41.000000','2023-05-26 01:36:41.000000',1,1),(82,'2023-05-26 01:36:41.000000','2023-05-26 01:36:41.000000',1,1),(83,'2023-05-26 01:36:41.000000','2023-05-26 01:36:41.000000',1,1),(84,'2023-05-26 01:36:42.000000','2023-05-26 01:36:42.000000',1,1),(85,'2023-05-26 01:36:42.000000','2023-05-26 01:36:42.000000',1,1),(86,'2023-05-26 01:36:39.000000','2023-05-26 01:36:39.000000',1,1),(87,'2023-05-26 01:36:40.000000','2023-05-26 01:36:40.000000',1,1),(88,'2023-05-26 01:36:40.000000','2023-05-26 01:36:40.000000',1,1),(89,'2023-05-26 01:36:40.000000','2023-05-26 01:36:40.000000',1,1),(90,'2023-05-26 01:36:40.000000','2023-05-26 01:36:40.000000',1,1),(91,'2023-05-26 01:36:40.000000','2023-05-26 01:36:40.000000',1,1),(92,'2023-05-26 01:36:40.000000','2023-05-26 01:36:40.000000',1,1),(93,'2023-05-26 01:36:41.000000','2023-05-26 01:36:41.000000',1,1),(94,'2023-05-26 01:36:41.000000','2023-05-26 01:36:41.000000',1,1),(95,'2023-05-26 01:36:41.000000','2023-05-26 01:36:41.000000',1,1),(96,'2023-05-26 01:36:41.000000','2023-05-26 01:36:41.000000',1,1),(97,'2023-05-26 01:36:42.000000','2023-05-26 01:36:42.000000',1,1),(98,'2023-05-26 01:36:42.000000','2023-05-26 01:36:42.000000',1,1),(99,'2023-05-26 01:36:39.000000','2023-05-26 01:36:39.000000',1,1),(100,'2023-05-26 01:36:40.000000','2023-05-26 01:36:40.000000',1,1),(101,'2023-05-26 01:36:40.000000','2023-05-26 01:36:40.000000',1,1),(102,'2023-05-26 01:36:40.000000','2023-05-26 01:36:40.000000',1,1),(103,'2023-05-26 01:36:40.000000','2023-05-26 01:36:40.000000',1,1),(104,'2023-05-26 01:36:40.000000','2023-05-26 01:36:40.000000',1,1),(105,'2023-05-26 01:36:40.000000','2023-05-26 01:36:40.000000',1,1),(106,'2023-05-26 01:36:41.000000','2023-05-26 01:36:41.000000',1,1),(107,'2023-05-26 01:36:41.000000','2023-05-26 01:36:41.000000',1,1),(108,'2023-05-26 01:36:41.000000','2023-05-26 01:36:41.000000',1,1),(109,'2023-05-26 01:36:41.000000','2023-05-26 01:36:41.000000',1,1),(110,'2023-05-26 01:36:42.000000','2023-05-26 01:36:42.000000',1,1),(111,'2023-05-26 01:36:42.000000','2023-05-26 01:36:42.000000',1,1),(123,'2023-05-26 01:36:39.000000','2023-05-26 01:36:39.000000',1,1),(124,'2023-05-26 01:36:40.000000','2023-05-26 01:36:40.000000',1,1),(125,'2023-05-26 01:36:40.000000','2023-05-26 01:36:40.000000',1,1),(126,'2023-05-26 01:36:40.000000','2023-05-26 01:36:40.000000',1,1),(127,'2023-05-26 01:36:40.000000','2023-05-26 01:36:40.000000',1,1),(128,'2023-05-26 01:36:40.000000','2023-05-26 01:36:40.000000',1,1),(129,'2023-05-26 01:36:40.000000','2023-05-26 01:36:40.000000',1,1),(130,'2023-05-26 01:36:41.000000','2023-05-26 01:36:41.000000',1,1),(131,'2023-05-26 01:36:41.000000','2023-05-26 01:36:41.000000',1,1),(132,'2023-05-26 01:36:41.000000','2023-05-26 01:36:41.000000',1,1),(133,'2023-05-26 01:36:41.000000','2023-05-26 01:36:41.000000',1,1),(134,'2023-05-26 01:36:42.000000','2023-05-26 01:36:42.000000',1,1),(135,'2023-05-26 01:36:42.000000','2023-05-26 01:36:42.000000',1,1),(136,'2023-05-26 01:36:39.000000','2023-05-26 01:36:39.000000',1,1),(137,'2023-05-26 01:36:40.000000','2023-05-26 01:36:40.000000',1,1),(138,'2023-05-26 01:36:40.000000','2023-05-26 01:36:40.000000',1,1),(139,'2023-05-26 01:36:40.000000','2023-05-26 01:36:40.000000',1,1),(140,'2023-05-26 01:36:40.000000','2023-05-26 01:36:40.000000',1,1),(141,'2023-05-26 01:36:40.000000','2023-05-26 01:36:40.000000',1,1),(142,'2023-05-26 01:36:40.000000','2023-05-26 01:36:40.000000',1,1),(143,'2023-05-26 01:36:41.000000','2023-05-26 01:36:41.000000',1,1),(144,'2023-05-26 01:36:41.000000','2023-05-26 01:36:41.000000',1,1),(145,'2023-05-26 01:36:41.000000','2023-05-26 01:36:41.000000',1,1),(146,'2023-05-26 01:36:41.000000','2023-05-26 01:36:41.000000',1,1),(147,'2023-05-26 01:36:42.000000','2023-05-26 01:36:42.000000',1,1),(148,'2023-05-26 01:36:42.000000','2023-05-26 01:36:42.000000',1,1),(149,'2023-05-26 01:36:39.000000','2023-05-26 01:36:39.000000',1,1),(150,'2023-05-26 01:36:40.000000','2023-05-26 01:36:40.000000',1,1),(151,'2023-05-26 01:36:40.000000','2023-05-26 01:36:40.000000',1,1),(152,'2023-05-26 01:36:40.000000','2023-05-26 01:36:40.000000',1,1),(153,'2023-05-26 01:36:40.000000','2023-05-26 01:36:40.000000',1,1),(154,'2023-05-26 01:36:40.000000','2023-05-26 01:36:40.000000',1,1),(155,'2023-05-26 01:36:40.000000','2023-05-26 01:36:40.000000',1,1),(156,'2023-05-26 01:36:41.000000','2023-05-26 01:36:41.000000',1,1),(157,'2023-05-26 01:36:41.000000','2023-05-26 01:36:41.000000',1,1),(158,'2023-05-26 01:36:41.000000','2023-05-26 01:36:41.000000',1,1),(159,'2023-05-26 01:36:41.000000','2023-05-26 01:36:41.000000',1,1),(160,'2023-05-26 01:36:42.000000','2023-05-26 01:36:42.000000',1,1),(161,'2023-05-26 01:36:42.000000','2023-05-26 01:36:42.000000',1,1),(162,'2023-05-26 01:36:39.000000','2023-05-26 01:36:39.000000',1,1),(163,'2023-05-26 01:36:40.000000','2023-05-26 01:36:40.000000',1,1),(164,'2023-05-26 01:36:40.000000','2023-05-26 01:36:40.000000',1,1),(165,'2023-05-26 01:36:40.000000','2023-05-26 01:36:40.000000',1,1),(166,'2023-05-26 01:36:40.000000','2023-05-26 01:36:40.000000',1,1),(167,'2023-05-26 01:36:40.000000','2023-05-26 01:36:40.000000',1,1),(168,'2023-05-26 01:36:40.000000','2023-05-26 01:36:40.000000',1,1),(169,'2023-05-26 01:36:41.000000','2023-05-26 01:36:41.000000',1,1),(170,'2023-05-26 01:36:41.000000','2023-05-26 01:36:41.000000',1,1),(171,'2023-05-26 01:36:41.000000','2023-05-26 01:36:41.000000',1,1),(172,'2023-05-26 01:36:41.000000','2023-05-26 01:36:41.000000',1,1),(173,'2023-05-26 01:36:42.000000','2023-05-26 01:36:42.000000',1,1),(174,'2023-05-26 01:36:42.000000','2023-05-26 01:36:42.000000',1,1),(175,'2023-05-26 01:36:39.000000','2023-05-26 01:36:39.000000',1,1),(176,'2023-05-26 01:36:40.000000','2023-05-26 01:36:40.000000',1,1),(177,'2023-05-26 01:36:40.000000','2023-05-26 01:36:40.000000',1,1),(178,'2023-05-26 01:36:40.000000','2023-05-26 01:36:40.000000',1,1),(179,'2023-05-26 01:36:40.000000','2023-05-26 01:36:40.000000',1,1),(180,'2023-05-26 01:36:40.000000','2023-05-26 01:36:40.000000',1,1),(181,'2023-05-26 01:36:40.000000','2023-05-26 01:36:40.000000',1,1),(182,'2023-05-26 01:36:41.000000','2023-05-26 01:36:41.000000',1,1),(183,'2023-05-26 01:36:41.000000','2023-05-26 01:36:41.000000',1,1),(184,'2023-05-26 01:36:41.000000','2023-05-26 01:36:41.000000',1,1),(185,'2023-05-26 01:36:41.000000','2023-05-26 01:36:41.000000',1,1),(186,'2023-05-26 01:36:42.000000','2023-05-26 01:36:42.000000',1,1),(187,'2023-05-26 01:36:42.000000','2023-05-26 01:36:42.000000',1,1),(188,'2023-05-26 01:36:39.000000','2023-05-26 01:36:39.000000',1,1),(189,'2023-05-26 01:36:40.000000','2023-05-26 01:36:40.000000',1,1),(190,'2023-05-26 01:36:40.000000','2023-05-26 01:36:40.000000',1,1),(191,'2023-05-26 01:36:40.000000','2023-05-26 01:36:40.000000',1,1),(192,'2023-05-26 01:36:40.000000','2023-05-26 01:36:40.000000',1,1),(193,'2023-05-26 01:36:40.000000','2023-05-26 01:36:40.000000',1,1),(194,'2023-05-26 01:36:40.000000','2023-05-26 01:36:40.000000',1,1),(195,'2023-05-26 01:36:41.000000','2023-05-26 01:36:41.000000',1,1),(196,'2023-05-26 01:36:41.000000','2023-05-26 01:36:41.000000',1,1),(197,'2023-05-26 01:36:41.000000','2023-05-26 01:36:41.000000',1,1),(198,'2023-05-26 01:36:41.000000','2023-05-26 01:36:41.000000',1,1),(199,'2023-05-26 01:36:42.000000','2023-05-26 01:36:42.000000',1,1),(200,'2023-05-26 01:36:42.000000','2023-05-26 01:36:42.000000',1,1),(201,'2023-05-26 01:36:39.000000','2023-05-26 01:36:39.000000',1,1),(202,'2023-05-26 01:36:40.000000','2023-05-26 01:36:40.000000',1,1),(203,'2023-05-26 01:36:40.000000','2023-05-26 01:36:40.000000',1,1),(204,'2023-05-26 01:36:40.000000','2023-05-26 01:36:40.000000',1,1),(205,'2023-05-26 01:36:40.000000','2023-05-26 01:36:40.000000',1,1),(206,'2023-05-26 01:36:40.000000','2023-05-26 01:36:40.000000',1,1),(207,'2023-05-26 01:36:40.000000','2023-05-26 01:36:40.000000',1,1),(208,'2023-05-26 01:36:41.000000','2023-05-26 01:36:41.000000',1,1),(209,'2023-05-26 01:36:41.000000','2023-05-26 01:36:41.000000',1,1),(210,'2023-05-26 01:36:41.000000','2023-05-26 01:36:41.000000',1,1),(211,'2023-05-26 01:36:41.000000','2023-05-26 01:36:41.000000',1,1),(212,'2023-05-26 01:36:42.000000','2023-05-26 01:36:42.000000',1,1),(213,'2023-05-26 01:36:42.000000','2023-05-26 01:36:42.000000',1,1),(214,'2023-05-26 01:36:39.000000','2023-05-26 01:36:39.000000',1,1),(215,'2023-05-26 01:36:40.000000','2023-05-26 01:36:40.000000',1,1),(216,'2023-05-26 01:36:40.000000','2023-05-26 01:36:40.000000',1,1),(217,'2023-05-26 01:36:40.000000','2023-05-26 01:36:40.000000',1,1),(218,'2023-05-26 01:36:40.000000','2023-05-26 01:36:40.000000',1,1),(219,'2023-05-26 01:36:40.000000','2023-05-26 01:36:40.000000',1,1),(220,'2023-05-26 01:36:40.000000','2023-05-26 01:36:40.000000',1,1),(221,'2023-05-26 01:36:41.000000','2023-05-26 01:36:41.000000',1,1),(222,'2023-05-26 01:36:41.000000','2023-05-26 01:36:41.000000',1,1),(223,'2023-05-26 01:36:41.000000','2023-05-26 01:36:41.000000',1,1),(224,'2023-05-26 01:36:41.000000','2023-05-26 01:36:41.000000',1,1),(225,'2023-05-26 01:36:42.000000','2023-05-26 01:36:42.000000',1,1),(226,'2023-05-26 01:36:42.000000','2023-05-26 01:36:42.000000',1,1),(250,'2023-05-26 01:36:39.000000','2023-05-26 01:36:39.000000',1,1),(251,'2023-05-26 01:36:40.000000','2023-05-26 01:36:40.000000',1,1),(252,'2023-05-26 01:36:40.000000','2023-05-26 01:36:40.000000',1,1),(253,'2023-05-26 01:36:40.000000','2023-05-26 01:36:40.000000',1,1),(254,'2023-05-26 01:36:40.000000','2023-05-26 01:36:40.000000',1,1),(255,'2023-05-26 01:36:40.000000','2023-05-26 01:36:40.000000',1,1),(256,'2023-05-26 01:36:40.000000','2023-05-26 01:36:40.000000',1,1),(257,'2023-05-26 01:36:41.000000','2023-05-26 01:36:41.000000',1,1),(258,'2023-05-26 01:36:41.000000','2023-05-26 01:36:41.000000',1,1),(259,'2023-05-26 01:36:41.000000','2023-05-26 01:36:41.000000',1,1),(260,'2023-05-26 01:36:41.000000','2023-05-26 01:36:41.000000',1,1),(261,'2023-05-26 01:36:42.000000','2023-05-26 01:36:42.000000',1,1),(262,'2023-05-26 01:36:42.000000','2023-05-26 01:36:42.000000',1,1),(263,'2023-05-26 01:36:39.000000','2023-05-26 01:36:39.000000',1,1),(264,'2023-05-26 01:36:40.000000','2023-05-26 01:36:40.000000',1,1),(265,'2023-05-26 01:36:40.000000','2023-05-26 01:36:40.000000',1,1),(266,'2023-05-26 01:36:40.000000','2023-05-26 01:36:40.000000',1,1),(267,'2023-05-26 01:36:40.000000','2023-05-26 01:36:40.000000',1,1),(268,'2023-05-26 01:36:40.000000','2023-05-26 01:36:40.000000',1,1),(269,'2023-05-26 01:36:40.000000','2023-05-26 01:36:40.000000',1,1),(270,'2023-05-26 01:36:41.000000','2023-05-26 01:36:41.000000',1,1),(271,'2023-05-26 01:36:41.000000','2023-05-26 01:36:41.000000',1,1),(272,'2023-05-26 01:36:41.000000','2023-05-26 01:36:41.000000',1,1),(273,'2023-05-26 01:36:41.000000','2023-05-26 01:36:41.000000',1,1),(274,'2023-05-26 01:36:42.000000','2023-05-26 01:36:42.000000',1,1),(275,'2023-05-26 01:36:42.000000','2023-05-26 01:36:42.000000',1,1),(276,'2023-05-26 01:36:39.000000','2023-05-26 01:36:39.000000',1,1),(277,'2023-05-26 01:36:40.000000','2023-05-26 01:36:40.000000',1,1),(278,'2023-05-26 01:36:40.000000','2023-05-26 01:36:40.000000',1,1),(279,'2023-05-26 01:36:40.000000','2023-05-26 01:36:40.000000',1,1),(280,'2023-05-26 01:36:40.000000','2023-05-26 01:36:40.000000',1,1),(281,'2023-05-26 01:36:40.000000','2023-05-26 01:36:40.000000',1,1),(282,'2023-05-26 01:36:40.000000','2023-05-26 01:36:40.000000',1,1),(283,'2023-05-26 01:36:41.000000','2023-05-26 01:36:41.000000',1,1),(284,'2023-05-26 01:36:41.000000','2023-05-26 01:36:41.000000',1,1),(285,'2023-05-26 01:36:41.000000','2023-05-26 01:36:41.000000',1,1),(286,'2023-05-26 01:36:41.000000','2023-05-26 01:36:41.000000',1,1),(287,'2023-05-26 01:36:42.000000','2023-05-26 01:36:42.000000',1,1),(288,'2023-05-26 01:36:42.000000','2023-05-26 01:36:42.000000',1,1),(289,'2023-05-26 01:36:39.000000','2023-05-26 01:36:39.000000',1,1),(290,'2023-05-26 01:36:40.000000','2023-05-26 01:36:40.000000',1,1),(291,'2023-05-26 01:36:40.000000','2023-05-26 01:36:40.000000',1,1),(292,'2023-05-26 01:36:40.000000','2023-05-26 01:36:40.000000',1,1),(293,'2023-05-26 01:36:40.000000','2023-05-26 01:36:40.000000',1,1),(294,'2023-05-26 01:36:40.000000','2023-05-26 01:36:40.000000',1,1),(295,'2023-05-26 01:36:40.000000','2023-05-26 01:36:40.000000',1,1),(296,'2023-05-26 01:36:41.000000','2023-05-26 01:36:41.000000',1,1),(297,'2023-05-26 01:36:41.000000','2023-05-26 01:36:41.000000',1,1),(298,'2023-05-26 01:36:41.000000','2023-05-26 01:36:41.000000',1,1),(299,'2023-05-26 01:36:41.000000','2023-05-26 01:36:41.000000',1,1),(300,'2023-05-26 01:36:42.000000','2023-05-26 01:36:42.000000',1,1),(301,'2023-05-26 01:36:42.000000','2023-05-26 01:36:42.000000',1,1),(302,'2023-05-26 01:36:39.000000','2023-05-26 01:36:39.000000',1,1),(303,'2023-05-26 01:36:40.000000','2023-05-26 01:36:40.000000',1,1),(304,'2023-05-26 01:36:40.000000','2023-05-26 01:36:40.000000',1,1),(305,'2023-05-26 01:36:40.000000','2023-05-26 01:36:40.000000',1,1),(306,'2023-05-26 01:36:40.000000','2023-05-26 01:36:40.000000',1,1),(505,'2023-05-25 16:38:22.244000','2023-05-25 16:38:22.244000',2,1);
/*!40000 ALTER TABLE `plan_like` ENABLE KEYS */;
UNLOCK TABLES;

--
-- Table structure for table `plan_comment`
--

DROP TABLE IF EXISTS `plan_comment`;
/*!40101 SET @saved_cs_client     = @@character_set_client */;
/*!50503 SET character_set_client = utf8mb4 */;
CREATE TABLE `plan_comment` (
  `plan_comment_id` bigint NOT NULL AUTO_INCREMENT,
  `created_date` datetime(6) DEFAULT NULL,
  `modified_date` datetime(6) DEFAULT NULL,
  `content` text NOT NULL,
  `member_id` bigint DEFAULT NULL,
  `plan_id` bigint DEFAULT NULL,
  PRIMARY KEY (`plan_comment_id`),
  KEY `FK4l0seyteiytfqb0u693cbtf0o` (`member_id`),
  KEY `FKonxf3exneqx7ipapqhw4pj5tx` (`plan_id`),
  CONSTRAINT `FK4l0seyteiytfqb0u693cbtf0o` FOREIGN KEY (`member_id`) REFERENCES `member` (`member_id`),
  CONSTRAINT `FKonxf3exneqx7ipapqhw4pj5tx` FOREIGN KEY (`plan_id`) REFERENCES `plan` (`plan_id`)
) ENGINE=InnoDB DEFAULT CHARSET=utf8mb4 COLLATE=utf8mb4_0900_ai_ci;
/*!40101 SET character_set_client = @saved_cs_client */;

--
-- Dumping data for table `plan_comment`
--

LOCK TABLES `plan_comment` WRITE;
/*!40000 ALTER TABLE `plan_comment` DISABLE KEYS */;
/*!40000 ALTER TABLE `plan_comment` ENABLE KEYS */;
UNLOCK TABLES;
/*!40103 SET TIME_ZONE=@OLD_TIME_ZONE */;

/*!40101 SET SQL_MODE=@OLD_SQL_MODE */;
/*!40014 SET FOREIGN_KEY_CHECKS=@OLD_FOREIGN_KEY_CHECKS */;
/*!40014 SET UNIQUE_CHECKS=@OLD_UNIQUE_CHECKS */;
/*!40101 SET CHARACTER_SET_CLIENT=@OLD_CHARACTER_SET_CLIENT */;
/*!40101 SET CHARACTER_SET_RESULTS=@OLD_CHARACTER_SET_RESULTS */;
/*!40101 SET COLLATION_CONNECTION=@OLD_COLLATION_CONNECTION */;
/*!40111 SET SQL_NOTES=@OLD_SQL_NOTES */;

-- Dump completed on 2023-05-26  1:43:47
